{
  "rows": [
    {
      "status": "ok",
      "outcome": "negative_total",
      "display_name": "Negative total",
      "side": "negative",
      "family": "sum",
      "transform": "log1p",
      "coef_to40": -0.004127551798944951,
      "se_to40": 0.022880966707509772,
      "t_to40": -0.18039236941812628,
      "p_value_to40": 0.8568445443842951,
      "ci_to40_low": -0.04897342247712413,
      "ci_to40_high": 0.040718318879234223,
      "coef_to10": 0.19456345342135462,
      "se_to10": 0.14880401335159524,
      "t_to10": 1.3075148246280066,
      "p_value_to10": 0.19103792345160076,
      "ci_to10_low": -0.0970870535027894,
      "ci_to10_high": 0.48621396034549863,
      "n_obs": 3421,
      "n_stay100": 3202,
      "n_to40": 208,
      "n_to10": 11,
      "r2": 0.0007802926445316105,
      "mean_delta_stay100": 0.005535659951093327,
      "mean_delta_to40": 0.001408108152148336,
      "mean_delta_to10": 0.20009911337244804,
      "analysis_sample_csv": "output/cross_k_sum_share_round_lot_effects_crossk_only/cross_k_summary_NP/analysis_sample__negative_total.csv",
      "group_summary_csv": "output/cross_k_sum_share_round_lot_effects_crossk_only/cross_k_summary_NP/group_summary__negative_total.csv",
      "boxplot_png": "output/cross_k_sum_share_round_lot_effects_crossk_only/cross_k_summary_NP/boxplot__negative_total.png",
      "regression_json": "output/cross_k_sum_share_round_lot_effects_crossk_only/cross_k_summary_NP/regression__negative_total.json"
    },
    {
      "status": "ok",
      "outcome": "positive_total",
      "display_name": "Positive total",
      "side": "positive",
      "family": "sum",
      "transform": "log1p",
      "coef_to40": -0.09701949011253656,
      "se_to40": 0.023669401302649568,
      "t_to40": -4.098941450693818,
      "p_value_to40": 4.150440019640037e-05,
      "ci_to40_low": -0.14341066420135515,
      "ci_to40_high": -0.05062831602371797,
      "coef_to10": 0.0203802924715559,
      "se_to10": 0.14519501290446993,
      "t_to10": 0.1403649620181168,
      "p_value_to10": 0.8883716400000459,
      "ci_to10_low": -0.26419670355603353,
      "ci_to10_high": 0.3049572884991454,
      "n_obs": 3421,
      "n_stay100": 3202,
      "n_to40": 208,
      "n_to10": 11,
      "r2": 0.0038589322506882295,
      "mean_delta_stay100": 0.017882067786901712,
      "mean_delta_to40": -0.07913742232563502,
      "mean_delta_to10": 0.03826236025845778,
      "analysis_sample_csv": "output/cross_k_sum_share_round_lot_effects_crossk_only/cross_k_summary_NP/analysis_sample__positive_total.csv",
      "group_summary_csv": "output/cross_k_sum_share_round_lot_effects_crossk_only/cross_k_summary_NP/group_summary__positive_total.csv",
      "boxplot_png": "output/cross_k_sum_share_round_lot_effects_crossk_only/cross_k_summary_NP/boxplot__positive_total.png",
      "regression_json": "output/cross_k_sum_share_round_lot_effects_crossk_only/cross_k_summary_NP/regression__positive_total.json"
    },
    {
      "status": "ok",
      "outcome": "negative_near_zero_share",
      "display_name": "Negative near-zero share",
      "side": "negative",
      "family": "share",
      "transform": "signed",
      "coef_to40": 0.007300223462287964,
      "se_to40": 0.0023164718297328485,
      "t_to40": 3.1514406385550027,
      "p_value_to40": 0.0016246718358599666,
      "ci_to40_low": 0.00276002210480998,
      "ci_to40_high": 0.011840424819765948,
      "coef_to10": 0.02907396196903643,
      "se_to10": 0.004701372749962597,
      "t_to10": 6.184143124849595,
      "p_value_to10": 6.244069783622642e-10,
      "ci_to10_low": 0.019859440701211706,
      "ci_to10_high": 0.038288483236861154,
      "n_obs": 3413,
      "n_stay100": 3195,
      "n_to40": 207,
      "n_to10": 11,
      "r2": 0.002814353805436598,
      "mean_delta_stay100": 0.0005007551786571258,
      "mean_delta_to40": 0.007800978640945078,
      "mean_delta_to10": 0.029574717147693566,
      "analysis_sample_csv": "output/cross_k_sum_share_round_lot_effects_crossk_only/cross_k_summary_NP/analysis_sample__negative_near_zero_share.csv",
      "group_summary_csv": "output/cross_k_sum_share_round_lot_effects_crossk_only/cross_k_summary_NP/group_summary__negative_near_zero_share.csv",
      "boxplot_png": "output/cross_k_sum_share_round_lot_effects_crossk_only/cross_k_summary_NP/boxplot__negative_near_zero_share.png",
      "regression_json": "output/cross_k_sum_share_round_lot_effects_crossk_only/cross_k_summary_NP/regression__negative_near_zero_share.json"
    },
    {
      "status": "ok",
      "outcome": "negative_mid_range_share",
      "display_name": "Negative mid-range share",
      "side": "negative",
      "family": "share",
      "transform": "signed",
      "coef_to40": 0.013759604271454756,
      "se_to40": 0.0038179695481089593,
      "t_to40": 3.6039062381390363,
      "p_value_to40": 0.000313470178598008,
      "ci_to40_low": 0.0062765214630905305,
      "ci_to40_high": 0.02124268707981898,
      "coef_to10": 0.013977295534482393,
      "se_to10": 0.01336959230522683,
      "t_to10": 1.0454541331838505,
      "p_value_to10": 0.2958131286804866,
      "ci_to10_low": -0.012226623871746028,
      "ci_to10_high": 0.040181214940710815,
      "n_obs": 3413,
      "n_stay100": 3195,
      "n_to40": 207,
      "n_to10": 11,
      "r2": 0.0016099846881174606,
      "mean_delta_stay100": -0.0017207006850601689,
      "mean_delta_to40": 0.012038903586394605,
      "mean_delta_to10": 0.01225659484942222,
      "analysis_sample_csv": "output/cross_k_sum_share_round_lot_effects_crossk_only/cross_k_summary_NP/analysis_sample__negative_mid_range_share.csv",
      "group_summary_csv": "output/cross_k_sum_share_round_lot_effects_crossk_only/cross_k_summary_NP/group_summary__negative_mid_range_share.csv",
      "boxplot_png": "output/cross_k_sum_share_round_lot_effects_crossk_only/cross_k_summary_NP/boxplot__negative_mid_range_share.png",
      "regression_json": "output/cross_k_sum_share_round_lot_effects_crossk_only/cross_k_summary_NP/regression__negative_mid_range_share.json"
    },
    {
      "status": "ok",
      "outcome": "negative_far_from_zero_share",
      "display_name": "Negative far-from-zero share",
      "side": "negative",
      "family": "share",
      "transform": "signed",
      "coef_to40": -0.02105982773374272,
      "se_to40": 0.005178042952215499,
      "t_to40": -4.067140409627536,
      "p_value_to40": 4.75935688567567e-05,
      "ci_to40_low": -0.031208605430486553,
      "ci_to40_high": -0.010911050036998885,
      "coef_to10": -0.04305125750351884,
      "se_to10": 0.014659401076937457,
      "t_to10": -2.9367678309346603,
      "p_value_to10": 0.003316522953933975,
      "ci_to10_low": -0.07178315564924394,
      "ci_to10_high": -0.014319359357793743,
      "n_obs": 3413,
      "n_stay100": 3195,
      "n_to40": 207,
      "n_to10": 11,
      "r2": 0.0029306217210456342,
      "mean_delta_stay100": 0.0012199455064030422,
      "mean_delta_to40": -0.019839882227339685,
      "mean_delta_to10": -0.0418313119971158,
      "analysis_sample_csv": "output/cross_k_sum_share_round_lot_effects_crossk_only/cross_k_summary_NP/analysis_sample__negative_far_from_zero_share.csv",
      "group_summary_csv": "output/cross_k_sum_share_round_lot_effects_crossk_only/cross_k_summary_NP/group_summary__negative_far_from_zero_share.csv",
      "boxplot_png": "output/cross_k_sum_share_round_lot_effects_crossk_only/cross_k_summary_NP/boxplot__negative_far_from_zero_share.png",
      "regression_json": "output/cross_k_sum_share_round_lot_effects_crossk_only/cross_k_summary_NP/regression__negative_far_from_zero_share.json"
    },
    {
      "status": "ok",
      "outcome": "positive_near_zero_share",
      "display_name": "Positive near-zero share",
      "side": "positive",
      "family": "share",
      "transform": "signed",
      "coef_to40": 0.003837857565067292,
      "se_to40": 0.0007936597661556098,
      "t_to40": 4.835645863286483,