{
  "rows": [
    {
      "status": "ok",
      "outcome": "negative_total",
      "display_name": "Negative total",
      "side": "negative",
      "family": "sum",
      "transform": "log1p",
      "coef_to40": -0.024670758262742707,
      "se_to40": 0.02725027402667406,
      "t_to40": -0.9053398229534726,
      "p_value_to40": 0.3652853853435819,
      "ci_to40_low": -0.07808031392387114,
      "ci_to40_high": 0.028738797398385727,
      "coef_to10": -0.011179391720009223,
      "se_to10": 0.052309598440958074,
      "t_to10": -0.21371587726155877,
      "p_value_to10": 0.8307686291279173,
      "ci_to10_low": -0.11370432071003961,
      "ci_to10_high": 0.09134553727002118,
      "n_obs": 2004,
      "n_stay100": 1937,
      "n_to40": 63,
      "n_to10": 4,
      "r2": 8.865813225522601e-05,
      "mean_delta_stay100": -0.019111804057537363,
      "mean_delta_to40": -0.043782562320280036,
      "mean_delta_to10": -0.03029119577754702,
      "analysis_sample_csv": "output/cross_k_sum_share_round_lot_effects/cross_k_summary_QZ/analysis_sample__negative_total.csv",
      "group_summary_csv": "output/cross_k_sum_share_round_lot_effects/cross_k_summary_QZ/group_summary__negative_total.csv",
      "boxplot_png": "output/cross_k_sum_share_round_lot_effects/cross_k_summary_QZ/boxplot__negative_total.png",
      "regression_json": "output/cross_k_sum_share_round_lot_effects/cross_k_summary_QZ/regression__negative_total.json"
    },
    {
      "status": "ok",
      "outcome": "positive_total",
      "display_name": "Positive total",
      "side": "positive",
      "family": "sum",
      "transform": "log1p",
      "coef_to40": -0.06594116126092919,
      "se_to40": 0.03002461867454633,
      "t_to40": -2.196236427702959,
      "p_value_to40": 0.028075025293671146,
      "ci_to40_low": -0.12478833251258874,
      "ci_to40_high": -0.007093990009269649,
      "coef_to10": -0.1593888443576103,
      "se_to10": 0.02330511318153058,
      "t_to10": -6.83922206753867,
      "p_value_to10": 7.962437571174613e-12,
      "ci_to10_low": -0.2050660268490399,
      "ci_to10_high": -0.11371166186618069,
      "n_obs": 2004,
      "n_stay100": 1937,
      "n_to40": 63,
      "n_to10": 4,
      "r2": 0.0009034362489979131,
      "mean_delta_stay100": -0.00456025850311911,
      "mean_delta_to40": -0.07050141976404826,
      "mean_delta_to10": -0.1639491028607297,
      "analysis_sample_csv": "output/cross_k_sum_share_round_lot_effects/cross_k_summary_QZ/analysis_sample__positive_total.csv",
      "group_summary_csv": "output/cross_k_sum_share_round_lot_effects/cross_k_summary_QZ/group_summary__positive_total.csv",
      "boxplot_png": "output/cross_k_sum_share_round_lot_effects/cross_k_summary_QZ/boxplot__positive_total.png",
      "regression_json": "output/cross_k_sum_share_round_lot_effects/cross_k_summary_QZ/regression__positive_total.json"
    },
    {
      "status": "ok",
      "outcome": "negative_near_zero_share",
      "display_name": "Negative near-zero share",
      "side": "negative",
      "family": "share",
      "transform": "signed",
      "coef_to40": -0.0006866050691985635,
      "se_to40": 0.0007492701876654325,
      "t_to40": -0.916365125026367,
      "p_value_to40": 0.3594754206748879,
      "ci_to40_low": -0.0021551476517123786,
      "ci_to40_high": 0.0007819375133152517,
      "coef_to10": -0.003814238467160471,
      "se_to10": 0.002995999033913227,
      "t_to10": -1.273110713316386,
      "p_value_to10": 0.20297875783824648,
      "ci_to10_low": -0.009686288671347191,
      "ci_to10_high": 0.0020578117370262496,
      "n_obs": 2002,
      "n_stay100": 1935,
      "n_to40": 63,
      "n_to10": 4,
      "r2": 0.00017233797150695285,
      "mean_delta_stay100": 0.0009507170456980439,
      "mean_delta_to40": 0.0002641119764994788,
      "mean_delta_to10": -0.002863521421462437,
      "analysis_sample_csv": "output/cross_k_sum_share_round_lot_effects/cross_k_summary_QZ/analysis_sample__negative_near_zero_share.csv",
      "group_summary_csv": "output/cross_k_sum_share_round_lot_effects/cross_k_summary_QZ/group_summary__negative_near_zero_share.csv",
      "boxplot_png": "output/cross_k_sum_share_round_lot_effects/cross_k_summary_QZ/boxplot__negative_near_zero_share.png",
      "regression_json": "output/cross_k_sum_share_round_lot_effects/cross_k_summary_QZ/regression__negative_near_zero_share.json"
    },
    {
      "status": "ok",
      "outcome": "negative_mid_range_share",
      "display_name": "Negative mid-range share",
      "side": "negative",
      "family": "share",
      "transform": "signed",
      "coef_to40": 0.0009748688550603769,
      "se_to40": 0.003743803062806524,
      "t_to40": 0.2603953356268615,
      "p_value_to40": 0.7945588405232497,
      "ci_to40_low": -0.006362850313251156,
      "ci_to40_high": 0.00831258802337191,
      "coef_to10": -0.002021360769107302,
      "se_to10": 0.014718236998032114,
      "t_to10": -0.13733715317789527,
      "p_value_to10": 0.8907643046651429,
      "ci_to10_low": -0.03086857520117517,
      "ci_to10_high": 0.026825853662960565,
      "n_obs": 2002,
      "n_stay100": 1935,
      "n_to40": 63,
      "n_to10": 4,
      "r2": 6.358673071082954e-06,
      "mean_delta_stay100": 0.005780038273840628,
      "mean_delta_to40": 0.006754907128900991,
      "mean_delta_to10": 0.003758677504733264,
      "analysis_sample_csv": "output/cross_k_sum_share_round_lot_effects/cross_k_summary_QZ/analysis_sample__negative_mid_range_share.csv",
      "group_summary_csv": "output/cross_k_sum_share_round_lot_effects/cross_k_summary_QZ/group_summary__negative_mid_range_share.csv",
      "boxplot_png": "output/cross_k_sum_share_round_lot_effects/cross_k_summary_QZ/boxplot__negative_mid_range_share.png",
      "regression_json": "output/cross_k_sum_share_round_lot_effects/cross_k_summary_QZ/regression__negative_mid_range_share.json"
    },
    {
      "status": "ok",
      "outcome": "negative_far_from_zero_share",
      "display_name": "Negative far-from-zero share",
      "side": "negative",
      "family": "share",
      "transform": "signed",
      "coef_to40": -0.00028826378586179684,
      "se_to40": 0.00419144421270496,
      "t_to40": -0.06877433439004667,
      "p_value_to40": 0.9451692478925255,
      "ci_to40_low": -0.00850334348597236,
      "ci_to40_high": 0.007926815914248767,
      "coef_to10": 0.005835599236267728,
      "se_to10": 0.0170614002358757,
      "t_to10": 0.3420351879441276,
      "p_value_to10": 0.7323244113470536,
      "ci_to10_low": -0.027604130751871823,
      "ci_to10_high": 0.03927532922440728,
      "n_obs": 2002,
      "n_stay100": 1935,
      "n_to40": 63,
      "n_to10": 4,
      "r2": 1.017873186215379e-05,
      "mean_delta_stay100": -0.00673075531953867,
      "mean_delta_to40": -0.0070190191054004605,
      "mean_delta_to10": -0.0008951560832708705,
      "analysis_sample_csv": "output/cross_k_sum_share_round_lot_effects/cross_k_summary_QZ/analysis_sample__negative_far_from_zero_share.csv",
      "group_summary_csv": "output/cross_k_sum_share_round_lot_effects/cross_k_summary_QZ/group_summary__negative_far_from_zero_share.csv",
      "boxplot_png": "output/cross_k_sum_share_round_lot_effects/cross_k_summary_QZ/boxplot__negative_far_from_zero_share.png",
      "regression_json": "output/cross_k_sum_share_round_lot_effects/cross_k_summary_QZ/regression__negative_far_from_zero_share.json"
    },
    {
      "status": "ok",
      "outcome": "positive_near_zero_share",
      "display_name": "Positive near-zero share",
      "side": "positive",
      "family": "share",
      "transform": "signed",
      "coef_to40": -0.00028989957092713487,
      "se_to40": 0.0006330287706793129,
      "t_to40": -0.4579563905382044,
      "p_value_to40": 0.6469837723540233,
      "ci_to40_low": -0.001530613162636253,
      "ci_to40_high": 0.0009508140207819833,
      "coef_to10": 0.000418362446863018,
      "se_to10": 0.0017543700867538369,
      "t_to10": 0.2384687529853672,