{
  "rows": [
    {
      "status": "ok",
      "outcome": "negative_total",
      "display_name": "Negative total",
      "side": "negative",
      "family": "sum",
      "transform": "log1p",
      "coef_to40": -0.003944411530483831,
      "se_to40": 0.02396157678525209,
      "t_to40": -0.16461402210022935,
      "p_value_to40": 0.8692477937493295,
      "ci_to40_low": -0.05090823904236898,
      "ci_to40_high": 0.04301941598140131,
      "coef_to10": 0.23795399905876907,
      "se_to10": 0.1642891223660023,
      "t_to10": 1.4483855999221702,
      "p_value_to10": 0.14750923979386535,
      "ci_to10_low": -0.0840467638302893,
      "ci_to10_high": 0.5599547619478275,
      "n_obs": 2769,
      "n_stay100": 2594,
      "n_to40": 166,
      "n_to10": 9,
      "r2": 0.0012308693750098243,
      "mean_delta_stay100": 0.009345460836572027,
      "mean_delta_to40": 0.005401049306088275,
      "mean_delta_to10": 0.2472994598953412,
      "analysis_sample_csv": "output/cross_k_sum_share_round_lot_effects/cross_k_summary_NP/analysis_sample__negative_total.csv",
      "group_summary_csv": "output/cross_k_sum_share_round_lot_effects/cross_k_summary_NP/group_summary__negative_total.csv",
      "boxplot_png": "output/cross_k_sum_share_round_lot_effects/cross_k_summary_NP/boxplot__negative_total.png",
      "regression_json": "output/cross_k_sum_share_round_lot_effects/cross_k_summary_NP/regression__negative_total.json"
    },
    {
      "status": "ok",
      "outcome": "positive_total",
      "display_name": "Positive total",
      "side": "positive",
      "family": "sum",
      "transform": "log1p",
      "coef_to40": -0.09023830735414842,
      "se_to40": 0.02435828084378489,
      "t_to40": -3.704625459114578,
      "p_value_to40": 0.0002117033082727157,
      "ci_to40_low": -0.13797966053327873,
      "ci_to40_high": -0.04249695417501812,
      "coef_to10": -0.03766718799924669,
      "se_to10": 0.1278251019660803,
      "t_to10": -0.2946775509652405,
      "p_value_to10": 0.7682402138166861,
      "ci_to10_low": -0.28819978417292413,
      "ci_to10_high": 0.21286540817443078,
      "n_obs": 2769,
      "n_stay100": 2594,
      "n_to40": 166,
      "n_to10": 9,
      "r2": 0.0034135565823534275,
      "mean_delta_stay100": 0.018983130933403276,
      "mean_delta_to40": -0.07125517642074505,
      "mean_delta_to10": -0.01868405706584337,
      "analysis_sample_csv": "output/cross_k_sum_share_round_lot_effects/cross_k_summary_NP/analysis_sample__positive_total.csv",
      "group_summary_csv": "output/cross_k_sum_share_round_lot_effects/cross_k_summary_NP/group_summary__positive_total.csv",
      "boxplot_png": "output/cross_k_sum_share_round_lot_effects/cross_k_summary_NP/boxplot__positive_total.png",
      "regression_json": "output/cross_k_sum_share_round_lot_effects/cross_k_summary_NP/regression__positive_total.json"
    },
    {
      "status": "ok",
      "outcome": "negative_near_zero_share",
      "display_name": "Negative near-zero share",
      "side": "negative",
      "family": "share",
      "transform": "signed",
      "coef_to40": 0.01014181337655376,
      "se_to40": 0.001758258704416324,
      "t_to40": 5.7681007641708,
      "p_value_to40": 8.016986917928375e-09,
      "ci_to40_low": 0.006695689640393708,
      "ci_to40_high": 0.013587937112713812,
      "coef_to10": 0.02902817803163169,
      "se_to10": 0.005575657556209452,
      "t_to10": 5.206234016166188,
      "p_value_to10": 1.9271159089788196e-07,
      "ci_to10_low": 0.01810009003133255,
      "ci_to10_high": 0.03995626603193082,
      "n_obs": 2765,
      "n_stay100": 2590,
      "n_to40": 166,
      "n_to10": 9,
      "r2": 0.004113194924267205,
      "mean_delta_stay100": -0.00028904030761589674,
      "mean_delta_to40": 0.00985277306893786,
      "mean_delta_to10": 0.0287391377240158,
      "analysis_sample_csv": "output/cross_k_sum_share_round_lot_effects/cross_k_summary_NP/analysis_sample__negative_near_zero_share.csv",
      "group_summary_csv": "output/cross_k_sum_share_round_lot_effects/cross_k_summary_NP/group_summary__negative_near_zero_share.csv",
      "boxplot_png": "output/cross_k_sum_share_round_lot_effects/cross_k_summary_NP/boxplot__negative_near_zero_share.png",
      "regression_json": "output/cross_k_sum_share_round_lot_effects/cross_k_summary_NP/regression__negative_near_zero_share.json"
    },
    {
      "status": "ok",
      "outcome": "negative_mid_range_share",
      "display_name": "Negative mid-range share",
      "side": "negative",
      "family": "share",
      "transform": "signed",
      "coef_to40": 0.015143367931885034,
      "se_to40": 0.004141071998792933,
      "t_to40": 3.6568714420563375,
      "p_value_to40": 0.0002553123451867459,
      "ci_to40_low": 0.007027015956863591,
      "ci_to40_high": 0.02325971990690648,
      "coef_to10": 0.016020995569819143,
      "se_to10": 0.015330130154240682,
      "t_to10": 1.0450658545379246,
      "p_value_to10": 0.2959925340109706,
      "ci_to10_low": -0.014025507410804057,
      "ci_to10_high": 0.04606749855044234,
      "n_obs": 2765,
      "n_stay100": 2590,
      "n_to40": 166,
      "n_to10": 9,
      "r2": 0.0020264891465309187,
      "mean_delta_stay100": -0.0009246037507627092,
      "mean_delta_to40": 0.014218764181122327,
      "mean_delta_to10": 0.015096391819056436,
      "analysis_sample_csv": "output/cross_k_sum_share_round_lot_effects/cross_k_summary_NP/analysis_sample__negative_mid_range_share.csv",
      "group_summary_csv": "output/cross_k_sum_share_round_lot_effects/cross_k_summary_NP/group_summary__negative_mid_range_share.csv",
      "boxplot_png": "output/cross_k_sum_share_round_lot_effects/cross_k_summary_NP/boxplot__negative_mid_range_share.png",
      "regression_json": "output/cross_k_sum_share_round_lot_effects/cross_k_summary_NP/regression__negative_mid_range_share.json"
    },
    {
      "status": "ok",
      "outcome": "negative_far_from_zero_share",
      "display_name": "Negative far-from-zero share",
      "side": "negative",
      "family": "share",
      "transform": "signed",
      "coef_to40": -0.025285181308438803,
      "se_to40": 0.004870270777127459,
      "t_to40": -5.191740349876868,
      "p_value_to40": 2.083374144891029e-07,
      "ci_to40_low": -0.03483073662656652,
      "ci_to40_high": -0.015739625990311083,
      "coef_to10": -0.04504917360145085,
      "se_to10": 0.017373635575894893,
      "t_to10": -2.5929618130101955,
      "p_value_to10": 0.009515333523899189,
      "ci_to10_low": -0.07910087361072865,
      "ci_to10_high": -0.010997473592173061,
      "n_obs": 2765,
      "n_stay100": 2590,
      "n_to40": 166,
      "n_to10": 9,
      "r2": 0.004175151771908303,
      "mean_delta_stay100": 0.0012136440583786063,
      "mean_delta_to40": -0.0240715372500602,
      "mean_delta_to10": -0.04383552954307225,
      "analysis_sample_csv": "output/cross_k_sum_share_round_lot_effects/cross_k_summary_NP/analysis_sample__negative_far_from_zero_share.csv",
      "group_summary_csv": "output/cross_k_sum_share_round_lot_effects/cross_k_summary_NP/group_summary__negative_far_from_zero_share.csv",
      "boxplot_png": "output/cross_k_sum_share_round_lot_effects/cross_k_summary_NP/boxplot__negative_far_from_zero_share.png",
      "regression_json": "output/cross_k_sum_share_round_lot_effects/cross_k_summary_NP/regression__negative_far_from_zero_share.json"
    },
    {
      "status": "ok",
      "outcome": "positive_near_zero_share",
      "display_name": "Positive near-zero share",
      "side": "positive",
      "family": "share",
      "transform": "signed",
      "coef_to40": 0.003602268237368884,
      "se_to40": 0.0009146494921446923,
      "t_to40": 3.93841386050759,
      "p_value_to40": 8.202202996237525e-05,
      "ci_to40_low": 0.001809588174287436,
      "ci_to40_high": 0.005394948300450332,
      "coef_to10": 0.012118132438129432,
      "se_to10": 0.0031520054027281315,
      "t_to10": 3.8445785745293826,