{
  "rows": [
    {
      "status": "ok",
      "outcome": "negative_total",
      "display_name": "Negative total",
      "side": "negative",
      "family": "sum",
      "transform": "log1p",
      "coef_to40": -0.11623173383973483,
      "se_to40": 0.03354965103262164,
      "t_to40": -3.464469234768438,
      "p_value_to40": 0.0005312789052067671,
      "ci_to40_low": -0.18198784155756026,
      "ci_to40_high": -0.05047562612190938,
      "coef_to10": 0.04181998972649215,
      "se_to10": 0.12414287230815035,
      "t_to10": 0.3368698415700065,
      "p_value_to10": 0.7362150208152054,
      "ci_to10_low": -0.20149556893483736,
      "ci_to10_high": 0.2851355483878217,
      "n_obs": 1595,
      "n_stay100": 1515,
      "n_to40": 76,
      "n_to10": 4,
      "r2": 0.0034936276782691067,
      "mean_delta_stay100": 0.0037280241645498684,
      "mean_delta_to40": -0.11250370967518497,
      "mean_delta_to10": 0.045548013891041905,
      "analysis_sample_csv": "output/cross_k_sum_share_round_lot_effects_crossk_only/cross_k_summary_ZQ/analysis_sample__negative_total.csv",
      "group_summary_csv": "output/cross_k_sum_share_round_lot_effects_crossk_only/cross_k_summary_ZQ/group_summary__negative_total.csv",
      "boxplot_png": "output/cross_k_sum_share_round_lot_effects_crossk_only/cross_k_summary_ZQ/boxplot__negative_total.png",
      "regression_json": "output/cross_k_sum_share_round_lot_effects_crossk_only/cross_k_summary_ZQ/regression__negative_total.json"
    },
    {
      "status": "ok",
      "outcome": "positive_total",
      "display_name": "Positive total",
      "side": "positive",
      "family": "sum",
      "transform": "log1p",
      "coef_to40": -0.13923879997576188,
      "se_to40": 0.03680108321268714,
      "t_to40": -3.783551673494204,
      "p_value_to40": 0.00015460620791921527,
      "ci_to40_low": -0.21136759766469027,
      "ci_to40_high": -0.0671100022868335,
      "coef_to10": -0.07357823833433172,
      "se_to10": 0.0588034029106471,
      "t_to10": -1.251258170316015,
      "p_value_to10": 0.2108403013656418,
      "ci_to10_low": -0.1888307902075978,
      "ci_to10_high": 0.041674313538934374,
      "n_obs": 1595,
      "n_stay100": 1515,
      "n_to40": 76,
      "n_to10": 4,
      "r2": 0.005418084384257615,
      "mean_delta_stay100": 0.008543028886704546,
      "mean_delta_to40": -0.1306957710890573,
      "mean_delta_to10": -0.06503520944762728,
      "analysis_sample_csv": "output/cross_k_sum_share_round_lot_effects_crossk_only/cross_k_summary_ZQ/analysis_sample__positive_total.csv",
      "group_summary_csv": "output/cross_k_sum_share_round_lot_effects_crossk_only/cross_k_summary_ZQ/group_summary__positive_total.csv",
      "boxplot_png": "output/cross_k_sum_share_round_lot_effects_crossk_only/cross_k_summary_ZQ/boxplot__positive_total.png",
      "regression_json": "output/cross_k_sum_share_round_lot_effects_crossk_only/cross_k_summary_ZQ/regression__positive_total.json"
    },
    {
      "status": "ok",
      "outcome": "negative_near_zero_share",
      "display_name": "Negative near-zero share",
      "side": "negative",
      "family": "share",
      "transform": "signed",
      "coef_to40": -0.0015498964272224807,
      "se_to40": 0.0009321833332666914,
      "t_to40": -1.6626519397113761,
      "p_value_to40": 0.09638212775343255,
      "ci_to40_low": -0.0033769421874136943,
      "ci_to40_high": 0.00027714933296873285,
      "coef_to10": -0.0006121769982702167,
      "se_to10": 0.002187361018063338,
      "t_to10": -0.27987012350262624,
      "p_value_to10": 0.7795771495831159,
      "ci_to10_low": -0.004899325814861225,
      "ci_to10_high": 0.0036749718183207917,
      "n_obs": 1593,
      "n_stay100": 1513,
      "n_to40": 76,
      "n_to10": 4,
      "r2": 0.0010191398234277171,
      "mean_delta_stay100": 0.0009611699496829061,
      "mean_delta_to40": -0.0005887264775395801,
      "mean_delta_to10": 0.00034899295141268454,
      "analysis_sample_csv": "output/cross_k_sum_share_round_lot_effects_crossk_only/cross_k_summary_ZQ/analysis_sample__negative_near_zero_share.csv",
      "group_summary_csv": "output/cross_k_sum_share_round_lot_effects_crossk_only/cross_k_summary_ZQ/group_summary__negative_near_zero_share.csv",
      "boxplot_png": "output/cross_k_sum_share_round_lot_effects_crossk_only/cross_k_summary_ZQ/boxplot__negative_near_zero_share.png",
      "regression_json": "output/cross_k_sum_share_round_lot_effects_crossk_only/cross_k_summary_ZQ/regression__negative_near_zero_share.json"
    },
    {
      "status": "ok",
      "outcome": "negative_mid_range_share",
      "display_name": "Negative mid-range share",
      "side": "negative",
      "family": "share",
      "transform": "signed",
      "coef_to40": -0.010424522200619606,
      "se_to40": 0.004610578965298464,
      "t_to40": -2.2610006853976046,
      "p_value_to40": 0.023759214620012695,
      "ci_to40_low": -0.019461090920482545,
      "ci_to40_high": -0.0013879534807566696,
      "coef_to10": -0.02918231439187604,
      "se_to10": 0.031186695899591967,
      "t_to10": -0.9357295971920465,
      "p_value_to10": 0.34941242783178916,
      "ci_to10_low": -0.09030711515187928,
      "ci_to10_high": 0.0319424863681272,
      "n_obs": 1593,
      "n_stay100": 1513,
      "n_to40": 76,
      "n_to10": 4,
      "r2": 0.0017622834760174788,
      "mean_delta_stay100": 0.009370428592610744,
      "mean_delta_to40": -0.0010540936080089302,
      "mean_delta_to10": -0.019811885799265346,
      "analysis_sample_csv": "output/cross_k_sum_share_round_lot_effects_crossk_only/cross_k_summary_ZQ/analysis_sample__negative_mid_range_share.csv",
      "group_summary_csv": "output/cross_k_sum_share_round_lot_effects_crossk_only/cross_k_summary_ZQ/group_summary__negative_mid_range_share.csv",
      "boxplot_png": "output/cross_k_sum_share_round_lot_effects_crossk_only/cross_k_summary_ZQ/boxplot__negative_mid_range_share.png",
      "regression_json": "output/cross_k_sum_share_round_lot_effects_crossk_only/cross_k_summary_ZQ/regression__negative_mid_range_share.json"
    },
    {
      "status": "ok",
      "outcome": "negative_far_from_zero_share",
      "display_name": "Negative far-from-zero share",
      "side": "negative",
      "family": "share",
      "transform": "signed",
      "coef_to40": 0.011974418627842098,
      "se_to40": 0.00478455447517085,
      "t_to40": 2.5027238565226093,
      "p_value_to40": 0.012324166004467703,
      "ci_to40_low": 0.0025968641744372935,
      "ci_to40_high": 0.0213519730812469,
      "coef_to10": 0.029794491390146352,
      "se_to10": 0.033339960625334855,
      "t_to10": 0.8936570659146393,
      "p_value_to10": 0.3715054035468084,
      "ci_to10_low": -0.03555063068149346,
      "ci_to10_high": 0.09513961346178616,
      "n_obs": 1593,
      "n_stay100": 1513,
      "n_to40": 76,
      "n_to10": 4,
      "r2": 0.0019568846352820968,
      "mean_delta_stay100": -0.01033159854229365,
      "mean_delta_to40": 0.0016428200855485122,
      "mean_delta_to10": 0.01946289284785277,
      "analysis_sample_csv": "output/cross_k_sum_share_round_lot_effects_crossk_only/cross_k_summary_ZQ/analysis_sample__negative_far_from_zero_share.csv",
      "group_summary_csv": "output/cross_k_sum_share_round_lot_effects_crossk_only/cross_k_summary_ZQ/group_summary__negative_far_from_zero_share.csv",
      "boxplot_png": "output/cross_k_sum_share_round_lot_effects_crossk_only/cross_k_summary_ZQ/boxplot__negative_far_from_zero_share.png",
      "regression_json": "output/cross_k_sum_share_round_lot_effects_crossk_only/cross_k_summary_ZQ/regression__negative_far_from_zero_share.json"
    },
    {
      "status": "ok",
      "outcome": "positive_near_zero_share",
      "display_name": "Positive near-zero share",
      "side": "positive",
      "family": "share",
      "transform": "signed",
      "coef_to40": -0.000948032859581388,
      "se_to40": 0.0007551464697217555,
      "t_to40": -1.255429108912744,