{
  "rows": [
    {
      "status": "ok",
      "outcome": "negative_total",
      "display_name": "Negative total",
      "side": "negative",
      "family": "sum",
      "transform": "log1p",
      "coef_to40": -0.0452967817705808,
      "se_to40": 0.02460418077277956,
      "t_to40": -1.8410197107921662,
      "p_value_to40": 0.06561867026405005,
      "ci_to40_low": -0.0935200899543416,
      "ci_to40_high": 0.0029265264131800098,
      "coef_to10": -0.013412808177745927,
      "se_to10": 0.052153468614954054,
      "t_to10": -0.25717959963069553,
      "p_value_to10": 0.797040131614049,
      "ci_to10_low": -0.11563172833189593,
      "ci_to10_high": 0.08880611197640408,
      "n_obs": 2342,
      "n_stay100": 2262,
      "n_to40": 76,
      "n_to10": 4,
      "r2": 0.00030459789464731823,
      "mean_delta_stay100": -0.01687838759980126,
      "mean_delta_to40": -0.06217516937038227,
      "mean_delta_to10": -0.03029119577754702,
      "analysis_sample_csv": "output/cross_k_sum_share_round_lot_effects_crossk_only/cross_k_summary_QZ/analysis_sample__negative_total.csv",
      "group_summary_csv": "output/cross_k_sum_share_round_lot_effects_crossk_only/cross_k_summary_QZ/group_summary__negative_total.csv",
      "boxplot_png": "output/cross_k_sum_share_round_lot_effects_crossk_only/cross_k_summary_QZ/boxplot__negative_total.png",
      "regression_json": "output/cross_k_sum_share_round_lot_effects_crossk_only/cross_k_summary_QZ/regression__negative_total.json"
    },
    {
      "status": "ok",
      "outcome": "positive_total",
      "display_name": "Positive total",
      "side": "positive",
      "family": "sum",
      "transform": "log1p",
      "coef_to40": -0.08976969326947576,
      "se_to40": 0.027236256248579914,
      "t_to40": -3.295963015260451,
      "p_value_to40": 0.0009808492697423671,
      "ci_to40_low": -0.1431517745903964,
      "ci_to40_high": -0.036387611948555124,
      "coef_to10": -0.15984363644546934,
      "se_to10": 0.02298358279142739,
      "t_to10": -6.954687521785731,
      "p_value_to10": 3.5334434897761635e-12,
      "ci_to10_low": -0.2048906309523616,
      "ci_to10_high": -0.11479664193857708,
      "n_obs": 2342,
      "n_stay100": 2262,
      "n_to40": 76,
      "n_to10": 4,
      "r2": 0.0014581828241903017,
      "mean_delta_stay100": -0.004105466415260414,
      "mean_delta_to40": -0.09387515968473625,
      "mean_delta_to10": -0.1639491028607297,
      "analysis_sample_csv": "output/cross_k_sum_share_round_lot_effects_crossk_only/cross_k_summary_QZ/analysis_sample__positive_total.csv",
      "group_summary_csv": "output/cross_k_sum_share_round_lot_effects_crossk_only/cross_k_summary_QZ/group_summary__positive_total.csv",
      "boxplot_png": "output/cross_k_sum_share_round_lot_effects_crossk_only/cross_k_summary_QZ/boxplot__positive_total.png",
      "regression_json": "output/cross_k_sum_share_round_lot_effects_crossk_only/cross_k_summary_QZ/regression__positive_total.json"
    },
    {
      "status": "ok",
      "outcome": "negative_near_zero_share",
      "display_name": "Negative near-zero share",
      "side": "negative",
      "family": "share",
      "transform": "signed",
      "coef_to40": -0.0006103402833700793,
      "se_to40": 0.0006850933704467797,
      "t_to40": -0.8908862787156288,
      "p_value_to40": 0.3729901821624012,
      "ci_to40_low": -0.0019530986154929248,
      "ci_to40_high": 0.0007324180487527663,
      "coef_to10": -0.003898177071970997,
      "se_to10": 0.002992436804046421,
      "t_to10": -1.302676489842599,
      "p_value_to10": 0.1926852317227371,
      "ci_to10_low": -0.009763245433914124,
      "ci_to10_high": 0.0019668912899721306,
      "n_obs": 2339,
      "n_stay100": 2259,
      "n_to40": 76,
      "n_to10": 4,
      "r2": 0.0001501579455949198,
      "mean_delta_stay100": 0.001034655650508563,
      "mean_delta_to40": 0.0004243153671384684,
      "mean_delta_to10": -0.002863521421462437,
      "analysis_sample_csv": "output/cross_k_sum_share_round_lot_effects_crossk_only/cross_k_summary_QZ/analysis_sample__negative_near_zero_share.csv",
      "group_summary_csv": "output/cross_k_sum_share_round_lot_effects_crossk_only/cross_k_summary_QZ/group_summary__negative_near_zero_share.csv",
      "boxplot_png": "output/cross_k_sum_share_round_lot_effects_crossk_only/cross_k_summary_QZ/boxplot__negative_near_zero_share.png",
      "regression_json": "output/cross_k_sum_share_round_lot_effects_crossk_only/cross_k_summary_QZ/regression__negative_near_zero_share.json"
    },
    {
      "status": "ok",
      "outcome": "negative_mid_range_share",
      "display_name": "Negative mid-range share",
      "side": "negative",
      "family": "share",
      "transform": "signed",
      "coef_to40": -9.174854599205413e-06,
      "se_to40": 0.0034659510410663427,
      "t_to40": -0.00264713912299888,
      "p_value_to40": 0.9978878910301752,
      "ci_to40_low": -0.006802314067268343,
      "ci_to40_high": 0.006783964358069932,
      "coef_to10": -0.0015702974440168615,
      "se_to10": 0.014701697930605911,
      "t_to10": -0.10681061816321401,
      "p_value_to10": 0.9149392235922057,
      "ci_to10_low": -0.030385095899591492,
      "ci_to10_high": 0.027244501011557766,
      "n_obs": 2339,
      "n_stay100": 2259,
      "n_to40": 76,
      "n_to10": 4,
      "r2": 7.145022411503277e-07,
      "mean_delta_stay100": 0.00532897494875014,
      "mean_delta_to40": 0.0053198000941508585,
      "mean_delta_to10": 0.003758677504733264,
      "analysis_sample_csv": "output/cross_k_sum_share_round_lot_effects_crossk_only/cross_k_summary_QZ/analysis_sample__negative_mid_range_share.csv",
      "group_summary_csv": "output/cross_k_sum_share_round_lot_effects_crossk_only/cross_k_summary_QZ/group_summary__negative_mid_range_share.csv",
      "boxplot_png": "output/cross_k_sum_share_round_lot_effects_crossk_only/cross_k_summary_QZ/boxplot__negative_mid_range_share.png",
      "regression_json": "output/cross_k_sum_share_round_lot_effects_crossk_only/cross_k_summary_QZ/regression__negative_mid_range_share.json"
    },
    {
      "status": "ok",
      "outcome": "negative_far_from_zero_share",
      "display_name": "Negative far-from-zero share",
      "side": "negative",
      "family": "share",
      "transform": "signed",
      "coef_to40": 0.0006195151379692924,
      "se_to40": 0.003798888020538009,
      "t_to40": 0.16307802036279948,
      "p_value_to40": 0.8704570053266215,
      "ci_to40_low": -0.0068261685635858625,
      "ci_to40_high": 0.008065198839524447,
      "coef_to10": 0.005468474515987811,
      "se_to10": 0.017044755804492787,
      "t_to10": 0.3208303233388881,
      "p_value_to10": 0.74833897845587,
      "ci_to10_low": -0.02793863298609809,
      "ci_to10_high": 0.03887558201807371,
      "n_obs": 2339,
      "n_stay100": 2259,
      "n_to40": 76,
      "n_to10": 4,
      "r2": 8.973400378531338e-06,
      "mean_delta_stay100": -0.0063636305992587,
      "mean_delta_to40": -0.005744115461289317,
      "mean_delta_to10": -0.0008951560832708705,
      "analysis_sample_csv": "output/cross_k_sum_share_round_lot_effects_crossk_only/cross_k_summary_QZ/analysis_sample__negative_far_from_zero_share.csv",
      "group_summary_csv": "output/cross_k_sum_share_round_lot_effects_crossk_only/cross_k_summary_QZ/group_summary__negative_far_from_zero_share.csv",
      "boxplot_png": "output/cross_k_sum_share_round_lot_effects_crossk_only/cross_k_summary_QZ/boxplot__negative_far_from_zero_share.png",
      "regression_json": "output/cross_k_sum_share_round_lot_effects_crossk_only/cross_k_summary_QZ/regression__negative_far_from_zero_share.json"
    },
    {
      "status": "ok",
      "outcome": "positive_near_zero_share",
      "display_name": "Positive near-zero share",
      "side": "positive",
      "family": "share",
      "transform": "signed",
      "coef_to40": -0.00040782498440497544,
      "se_to40": 0.0005371882113949461,
      "t_to40": -0.7591845385920772,