covariate,rd_effect_robust,p_value_robust,ci_robust_low,ci_robust_high
mode_position_sec_20251031,1.0739607829623527e-05,0.7954122464681304,-7.044101494755979e-05,9.192023060680684e-05
negative_far_from_zero_share_20251031,0.010178338848421675,0.6139060600898394,-0.029363687534936317,0.04972036523177967
negative_mid_range_share_20251031,-0.017593977610341066,0.23277260212058537,-0.04649290527342605,0.011304950052743918
negative_near_zero_share_20251031,0.005677112383724071,0.39080618637723163,-0.007288982909079585,0.018643207676527728
negative_total_20251031,0.05272506053928172,0.9597972267159075,-1.9973291069072197,2.102779227985783
positive_mid_range_share_20251031,-0.00024720540784767264,0.991598979235759,-0.04626290580907208,0.045768494993376735
positive_near_zero_share_20251031,-0.0021485110926388537,0.577468807296802,-0.009707498134063713,0.005410475948786007
positive_total_20251031,0.862442874385736,0.7356512641173869,-4.14427543784477,5.869161186616242
