covariate,rd_effect_robust,p_value_robust,ci_robust_low,ci_robust_high
mode_position_sec_20251031,1.0777970501430883e-05,0.7945861723524623,-7.035754260061338e-05,9.191348360347515e-05
negative_far_from_zero_share_20251031,0.010575771477952078,0.5984100744853176,-0.02877982446514899,0.04993136742105315
negative_near_zero_share_20251031,0.005671068124577225,0.39048452316231486,-0.007272432928569663,0.01861456917772411
negative_total_20251031,0.05267540826698003,0.9598323672306477,-1.9972414926530333,2.1025923091869934
positive_far_from_zero_share_20251031,-0.00048562575775268346,0.9876075909618264,-0.061765330563099755,0.06079407904759439
positive_mid_range_share_20251031,-0.0002140011887392379,0.9927435415048292,-0.04633233788976322,0.04590433551228475
positive_near_zero_share_20251031,-0.0021328354340238442,0.5787386300195518,-0.009661777872987238,0.00539610700493955
positive_total_20251031,0.8617996700680637,0.7358560851162379,-4.145214800620914,5.868814140757041
