{
  "rows": [
    {
      "status": "ok",
      "outcome": "negative_total",
      "display_name": "Negative total",
      "side": "negative",
      "family": "sum",
      "transform": "log1p",
      "coef_to40": -0.014434209476491277,
      "se_to40": 0.023498535356870118,
      "t_to40": -0.6142599637500913,
      "p_value_to40": 0.5390435543443995,
      "ci_to40_low": -0.06049049246539777,
      "ci_to40_high": 0.03162207351241522,
      "coef_to10": -0.0388951231055734,
      "se_to10": 0.11527151577299156,
      "t_to10": -0.3374218066340951,
      "p_value_to10": 0.735798948226413,
      "ci_to10_low": -0.26482314246397765,
      "ci_to10_high": 0.18703289625283082,
      "n_obs": 4039,
      "n_stay100": 3805,
      "n_to40": 224,
      "n_to10": 10,
      "r2": 7.070632305850033e-05,
      "mean_delta_stay100": -0.0018171535758096447,
      "mean_delta_to40": -0.016251363052300835,
      "mean_delta_to10": -0.04071227668138299,
      "analysis_sample_csv": "output/cross_k_sum_share_round_lot_effects_crossk_only/cross_k_summary_PN/analysis_sample__negative_total.csv",
      "group_summary_csv": "output/cross_k_sum_share_round_lot_effects_crossk_only/cross_k_summary_PN/group_summary__negative_total.csv",
      "boxplot_png": "output/cross_k_sum_share_round_lot_effects_crossk_only/cross_k_summary_PN/boxplot__negative_total.png",
      "regression_json": "output/cross_k_sum_share_round_lot_effects_crossk_only/cross_k_summary_PN/regression__negative_total.json"
    },
    {
      "status": "ok",
      "outcome": "positive_total",
      "display_name": "Positive total",
      "side": "positive",
      "family": "sum",
      "transform": "log1p",
      "coef_to40": -0.016238619988890375,
      "se_to40": 0.02653018274607049,
      "t_to40": -0.6120809699773196,
      "p_value_to40": 0.5404841875042716,
      "ci_to40_low": -0.0682368226744545,
      "ci_to40_high": 0.03575958269667374,
      "coef_to10": -0.011647407270198987,
      "se_to10": 0.19149693885347124,
      "t_to10": -0.06082294234014517,
      "p_value_to10": 0.9515002187996532,
      "ci_to10_low": -0.38697451057267157,
      "ci_to10_high": 0.3636796960322736,
      "n_obs": 4039,
      "n_stay100": 3805,
      "n_to40": 224,
      "n_to10": 10,
      "r2": 7.967283193011099e-05,
      "mean_delta_stay100": 0.023839053631603036,
      "mean_delta_to40": 0.0076004336427123115,
      "mean_delta_to10": 0.012191646361403885,
      "analysis_sample_csv": "output/cross_k_sum_share_round_lot_effects_crossk_only/cross_k_summary_PN/analysis_sample__positive_total.csv",
      "group_summary_csv": "output/cross_k_sum_share_round_lot_effects_crossk_only/cross_k_summary_PN/group_summary__positive_total.csv",
      "boxplot_png": "output/cross_k_sum_share_round_lot_effects_crossk_only/cross_k_summary_PN/boxplot__positive_total.png",
      "regression_json": "output/cross_k_sum_share_round_lot_effects_crossk_only/cross_k_summary_PN/regression__positive_total.json"
    },
    {
      "status": "ok",
      "outcome": "negative_near_zero_share",
      "display_name": "Negative near-zero share",
      "side": "negative",
      "family": "share",
      "transform": "signed",
      "coef_to40": 0.005307359623600448,
      "se_to40": 0.0027776758828330496,
      "t_to40": 1.9107195538549606,
      "p_value_to40": 0.0560406305694781,
      "ci_to40_low": -0.00013678506747782752,
      "ci_to40_high": 0.010751504314678724,
      "coef_to10": 0.010487227293109382,
      "se_to10": 0.004795453903127941,
      "t_to10": 2.186910249782373,
      "p_value_to10": 0.02874907653592377,
      "ci_to10_low": 0.001088310353456589,
      "ci_to10_high": 0.019886144232762176,
      "n_obs": 4001,
      "n_stay100": 3768,
      "n_to40": 223,
      "n_to10": 10,
      "r2": 0.0003825058420821037,
      "mean_delta_stay100": -0.0019943061414235616,
      "mean_delta_to40": 0.003313053482176867,
      "mean_delta_to10": 0.008492921151685852,
      "analysis_sample_csv": "output/cross_k_sum_share_round_lot_effects_crossk_only/cross_k_summary_PN/analysis_sample__negative_near_zero_share.csv",
      "group_summary_csv": "output/cross_k_sum_share_round_lot_effects_crossk_only/cross_k_summary_PN/group_summary__negative_near_zero_share.csv",
      "boxplot_png": "output/cross_k_sum_share_round_lot_effects_crossk_only/cross_k_summary_PN/boxplot__negative_near_zero_share.png",
      "regression_json": "output/cross_k_sum_share_round_lot_effects_crossk_only/cross_k_summary_PN/regression__negative_near_zero_share.json"
    },
    {
      "status": "ok",
      "outcome": "negative_mid_range_share",
      "display_name": "Negative mid-range share",
      "side": "negative",
      "family": "share",
      "transform": "signed",
      "coef_to40": 0.006311045623528943,
      "se_to40": 0.007778966091903961,
      "t_to40": 0.8112961991307853,
      "p_value_to40": 0.4171955922681827,
      "ci_to40_low": -0.008935447753561117,
      "ci_to40_high": 0.021557539000619005,
      "coef_to10": -0.012938157832253204,
      "se_to10": 0.017519964717466228,
      "t_to10": -0.7384808155095615,
      "p_value_to10": 0.46022232090482706,
      "ci_to10_low": -0.04727665768889947,
      "ci_to10_high": 0.021400342024393067,
      "n_obs": 4001,
      "n_stay100": 3768,
      "n_to40": 223,
      "n_to10": 10,
      "r2": 0.00016560774886176244,
      "mean_delta_stay100": -0.005890325166599068,
      "mean_delta_to40": 0.00042072045692983476,
      "mean_delta_to10": -0.018828482998852203,
      "analysis_sample_csv": "output/cross_k_sum_share_round_lot_effects_crossk_only/cross_k_summary_PN/analysis_sample__negative_mid_range_share.csv",
      "group_summary_csv": "output/cross_k_sum_share_round_lot_effects_crossk_only/cross_k_summary_PN/group_summary__negative_mid_range_share.csv",
      "boxplot_png": "output/cross_k_sum_share_round_lot_effects_crossk_only/cross_k_summary_PN/boxplot__negative_mid_range_share.png",
      "regression_json": "output/cross_k_sum_share_round_lot_effects_crossk_only/cross_k_summary_PN/regression__negative_mid_range_share.json"
    },
    {
      "status": "ok",
      "outcome": "negative_far_from_zero_share",
      "display_name": "Negative far-from-zero share",
      "side": "negative",
      "family": "share",
      "transform": "signed",
      "coef_to40": -0.011618405247129393,
      "se_to40": 0.008301997157710734,
      "t_to40": -1.399471118384863,
      "p_value_to40": 0.16167175331592565,
      "ci_to40_low": -0.027890020675996323,
      "ci_to40_high": 0.004653210181737538,
      "coef_to10": 0.002450930539143896,
      "se_to10": 0.016987155336567764,
      "t_to10": 0.14428139912677715,
      "p_value_to10": 0.8852782659617255,
      "ci_to10_low": -0.0308432821203163,
      "ci_to10_high": 0.03574514319860409,
      "n_obs": 4001,
      "n_stay100": 3768,
      "n_to40": 223,
      "n_to10": 10,
      "r2": 0.00035654206007140754,
      "mean_delta_stay100": 0.007884631308022631,
      "mean_delta_to40": -0.0037337739391067036,
      "mean_delta_to10": 0.010335561847166419,
      "analysis_sample_csv": "output/cross_k_sum_share_round_lot_effects_crossk_only/cross_k_summary_PN/analysis_sample__negative_far_from_zero_share.csv",
      "group_summary_csv": "output/cross_k_sum_share_round_lot_effects_crossk_only/cross_k_summary_PN/group_summary__negative_far_from_zero_share.csv",
      "boxplot_png": "output/cross_k_sum_share_round_lot_effects_crossk_only/cross_k_summary_PN/boxplot__negative_far_from_zero_share.png",
      "regression_json": "output/cross_k_sum_share_round_lot_effects_crossk_only/cross_k_summary_PN/regression__negative_far_from_zero_share.json"
    },
    {
      "status": "ok",
      "outcome": "positive_near_zero_share",
      "display_name": "Positive near-zero share",
      "side": "positive",
      "family": "share",
      "transform": "signed",
      "coef_to40": -0.001308189937259434,
      "se_to40": 0.0047657478728183635,
      "t_to40": -0.27449835202586953,